,TextSeg,TextSeg2,Transformer2
ENWiki,"(0.26443358309352033, 0.3225767115824591, 0.9081169154800868)","(0.34789810909206664, 0.37623893406834136, 0.8881491134611338)","(0.24560227075285557, 0.2607435677274858, 0.9124799446078218)"
NLWiki,"(0.3307830851638901, 0.3700374711288024, 0.894748704569208)","(0.35789190660576964, 0.3898895726348492, 0.8619541703469794)","(0.3482162895742701, 0.3830892291347096, 0.8981509862274215)"
NLNews,"(0.02787295825771325, 0.03801968872023319, 0.9894773134479016)","(0.02631578947368421, 0.039473684210526314, 0.9955555555555555)","(0.0346078431372549, 0.04058393875478479, 0.991624414753911)"
