,TextTiling,BertTiling
ENWiki,[0.49372783 0.57129672 0.72714899],[0.43929055 0.44996177 0.84067841]
NLWiki,[0.49902951 0.61573343 0.71051643],[0.47480401 0.48972142 0.83358395]
NLNews,[0.45998795 0.72700707 0.81030019],[0.47380189 0.49968817 0.90071857]
NLAuVi_N,[0.50739168 0.97130212 0.81233213],[0.49836912 0.59541741 0.9552245 ]
NLAuVi_C,[0.58520055 0.92063377 0.80638093],[0.47828576 0.55377944 0.9420979 ]
