,TextTiling,GraphSeg,BertTiling
ENWiki,[0.49372783 0.57129672 0.72714899],[0.49795369 0.56483633 0.76563141],[0.43929055 0.44996177 0.84067841]
NLWiki,[0.49902951 0.61573343 0.71051643],[0.52893198 0.62663678 0.7786741 ],[0.47432874 0.4892312  0.83375053]
NLNews,[0.45998795 0.72700707 0.81030019],[0.61110937 0.81094962 0.79120908],[0.47380189 0.49968817 0.90071857]
NLAuVi_N,[0.50739168 0.97130212 0.81233213],[0.64158422 0.97199695 0.79562857],[0.49836912 0.59541741 0.9552245 ]
NLAuVi_C,[0.58520055 0.92063377 0.80638093],[0.71801904 0.97117743 0.79339591],[0.47828576 0.55377944 0.9420979 ]
